City_ID,City,Country,Date,Lat,Lng,Max Temp,Humidity,Cloudiness,Wind Speed
0,Hilo,US,2021-05-19 13:32:59,19.7297,-155.09,70.79,86,90,10.36
1,Port Alfred,ZA,2021-05-19 13:31:56,-33.5906,26.891,80.55,40,100,1.97
2,Vaini,TO,2021-05-19 13:32:14,-21.2,-175.2,75.36,88,20,6.91
3,Mataura,NZ,2021-05-19 13:33:00,-46.1927,168.8643,50.49,91,100,2.55
4,Tilichiki,RU,2021-05-19 13:33:00,60.4667,166.1,30.99,99,100,1.86
5,Barrow,US,2021-05-19 13:33:00,71.2906,-156.7887,30.22,86,90,6.91
6,Hasaki,JP,2021-05-19 13:33:00,35.7333,140.8333,63.28,93,100,4.94
7,Hambantota,LK,2021-05-19 13:33:01,6.1241,81.1185,84.54,77,20,16.35
8,Borkenes,NO,2021-05-19 13:33:01,68.774,16.1739,47.98,90,78,18.99
9,East London,ZA,2021-05-19 13:33:01,-33.0153,27.9116,90.54,18,0,12.66
10,San Patricio,US,2021-05-19 13:33:02,28.017,-97.5169,70.48,87,75,23.24
11,Norman Wells,CA,2021-05-19 13:33:02,65.282,-126.8329,35.64,64,75,5.75
12,Georgetown,MY,2021-05-19 13:28:20,5.4112,100.3354,82.33,93,40,6.91
13,Puerto Ayora,EC,2021-05-19 13:33:02,-0.7393,-90.3518,74.55,90,22,4.0
14,Henties Bay,NA,2021-05-19 13:32:46,-22.116,14.2845,63.86,73,79,8.39
15,Ugoofaaru,MV,2021-05-19 13:33:03,5.6667,73.0,84.69,74,51,15.99
16,Mount Isa,AU,2021-05-19 13:33:03,-20.7333,139.5,69.57,35,0,8.05
17,Carnarvon,AU,2021-05-19 13:33:04,-24.8667,113.6333,71.67,78,0,12.66
18,Tuktoyaktuk,CA,2021-05-19 13:33:04,69.4541,-133.0374,26.6,80,20,14.97
19,Flin Flon,CA,2021-05-19 13:30:06,54.7682,-101.865,39.04,67,90,12.24
20,Vanavara,RU,2021-05-19 13:33:04,60.34,102.2797,33.67,61,100,3.47
21,Mnogovershinnyy,RU,2021-05-19 13:33:04,53.9353,139.9242,40.78,70,99,3.65
22,Lasa,IT,2021-05-19 13:33:05,46.6166,10.7002,62.51,82,83,6.93
23,Albany,US,2021-05-19 13:33:05,42.6001,-73.9662,74.64,41,7,5.84
24,Punta Arenas,CL,2021-05-19 13:31:58,-53.15,-70.9167,44.62,83,0,5.48
25,Camp Verde,US,2021-05-19 13:33:05,34.5636,-111.8543,73.36,33,0,3.47
26,Paoua,CF,2021-05-19 13:33:06,7.2427,16.4406,96.17,28,78,5.48
27,Kapra,IN,2021-05-19 13:33:06,17.4846,78.561,92.1,41,40,8.66
28,Saint-Philippe,RE,2021-05-19 13:33:06,-21.3585,55.7679,80.15,79,54,16.2
29,Hobart,AU,2021-05-19 13:29:21,-42.8794,147.3294,57.06,66,75,5.01
30,Coahuayana,MX,2021-05-19 13:33:07,18.7333,-103.6833,71.08,56,0,2.3
31,Ijui,BR,2021-05-19 13:33:07,-28.3878,-53.9147,55.42,39,71,3.53
32,Nanortalik,GL,2021-05-19 13:33:07,60.1432,-45.2371,37.17,72,81,4.72
33,Hithadhoo,MV,2021-05-19 13:32:02,-0.6,73.0833,84.4,69,100,5.68
34,Mahebourg,MU,2021-05-19 13:32:15,-20.4081,57.7,77.25,66,1,12.66
35,Bredasdorp,ZA,2021-05-19 13:33:08,-34.5322,20.0403,72.72,57,17,6.6
36,Alzamay,RU,2021-05-19 13:33:08,55.5562,98.6644,46.6,80,100,0.6
37,Rikitea,PF,2021-05-19 13:33:08,-23.1203,-134.9692,73.58,60,70,19.28
38,Innisfail,AU,2021-05-19 13:33:08,-17.5333,146.0333,71.06,89,100,11.18
39,Castrillon,ES,2021-05-19 13:33:09,43.3979,-6.7922,69.21,49,21,6.22
40,Labuhan,ID,2021-05-19 13:33:09,-6.8844,112.2051,80.13,79,100,5.91
41,Qaqortoq,GL,2021-05-19 13:33:09,60.7167,-46.0333,43.3,64,74,7.07
42,Kaura Namoda,NG,2021-05-19 13:33:10,12.5898,6.5779,105.33,13,39,6.55
43,Atuona,PF,2021-05-19 13:32:01,-9.8,-139.0333,79.59,77,78,19.06
44,Gumdag,TM,2021-05-19 13:33:10,39.2061,54.5906,91.38,20,0,13.13
45,Hagere Hiywet,ET,2021-05-19 13:33:10,8.9833,37.85,75.16,44,100,3.47
46,Kapaa,US,2021-05-19 13:33:11,22.0752,-159.319,74.12,78,20,1.99
47,Busselton,AU,2021-05-19 13:33:11,-33.65,115.3333,56.08,78,1,6.78
48,Pacifica,US,2021-05-19 13:33:11,37.6138,-122.4869,52.41,85,40,10.0
49,Luderitz,NA,2021-05-19 13:33:11,-26.6481,15.1594,66.72,59,98,5.73
50,Namibe,AO,2021-05-19 13:33:12,-15.1961,12.1522,83.34,45,94,15.32
51,Upernavik,GL,2021-05-19 13:33:12,72.7868,-56.1549,34.52,81,39,4.81
52,Chokurdakh,RU,2021-05-19 13:33:12,70.6333,147.9167,30.45,95,100,8.61
53,Bam,IR,2021-05-19 13:33:12,29.106,58.357,94.68,7,0,14.65
54,Jamestown,US,2021-05-19 13:33:13,42.097,-79.2353,72.99,61,1,1.99
55,Airai,TL,2021-05-19 13:33:13,-8.9266,125.4092,57.96,94,36,3.42
56,Paamiut,GL,2021-05-19 13:33:13,61.994,-49.6678,37.35,71,22,10.22
57,Mount Gambier,AU,2021-05-19 13:33:13,-37.8333,140.7667,53.51,62,100,10.36
58,Hami,CN,2021-05-19 13:33:14,42.8,93.45,77.76,12,0,5.03
59,Buraydah,SA,2021-05-19 13:33:14,26.326,43.975,109.85,5,89,11.63
60,Sangmelima,CM,2021-05-19 13:33:14,2.9333,11.9833,81.63,70,93,2.06
61,Yellowknife,CA,2021-05-19 13:33:15,62.456,-114.3525,21.33,63,20,4.0
62,Bacolod,PH,2021-05-19 13:33:15,10.6667,122.95,81.41,80,100,1.97
63,Palmer,US,2021-05-19 13:33:15,42.1584,-72.3287,75.61,43,1,4.0
64,Korla,CN,2021-05-19 13:33:15,41.7597,86.1469,77.4,15,0,8.86
65,Cap Malheureux,MU,2021-05-19 13:33:16,-19.9842,57.6142,77.47,65,0,5.01
66,Hermanus,ZA,2021-05-19 13:33:16,-34.4187,19.2345,71.8,56,54,13.71
67,Kondagaon,IN,2021-05-19 13:33:16,19.6,81.6667,90.41,41,49,5.88
68,Khatanga,RU,2021-05-19 13:33:17,71.9667,102.5,24.44,96,100,6.78
69,Cooma,AU,2021-05-19 13:33:17,-36.2333,149.1333,29.97,83,23,2.1
70,Acapulco,MX,2021-05-19 13:33:17,16.8634,-99.8901,78.62,65,1,2.75
71,Bethel,US,2021-05-19 13:33:18,41.3712,-73.414,76.46,48,1,9.22
72,Lavrentiya,RU,2021-05-19 13:33:18,65.5833,-171.0,26.11,93,96,3.98
73,Cape Town,ZA,2021-05-19 13:28:51,-33.9258,18.4232,70.12,70,20,7.0
74,Pevek,RU,2021-05-19 13:33:18,69.7008,170.3133,21.09,89,39,8.61
75,Lompoc,US,2021-05-19 13:33:19,34.6391,-120.4579,51.48,76,1,5.75
76,Karratha,AU,2021-05-19 13:33:19,-20.7377,116.8463,75.42,65,0,3.94
77,De-Kastri,RU,2021-05-19 13:33:19,51.4667,140.7833,41.77,99,100,3.6
78,Avarua,CK,2021-05-19 13:33:20,-21.2078,-159.775,77.05,83,75,10.36
79,Tiksi,RU,2021-05-19 13:33:20,71.6872,128.8694,29.37,98,100,7.47
80,Beyneu,KZ,2021-05-19 13:33:20,45.3167,55.2,94.39,10,42,9.04
81,Khuzhir,RU,2021-05-19 13:33:21,53.1939,107.3397,41.0,70,99,5.1
82,Presidente Epitacio,BR,2021-05-19 13:33:21,-21.7633,-52.1156,78.58,31,33,4.68
83,Cayenne,GF,2021-05-19 13:28:43,4.9333,-52.3333,84.24,82,90,3.0
84,Metro,ID,2021-05-19 13:33:21,-5.1131,105.3067,76.14,88,13,3.65
85,Ushuaia,AR,2021-05-19 13:33:22,-54.8,-68.3,46.02,100,90,0.0
86,Katsuura,JP,2021-05-19 13:33:22,35.1333,140.3,66.31,96,100,5.1
87,Brae,GB,2021-05-19 13:33:22,60.3964,-1.353,46.31,69,93,16.46
88,Champerico,GT,2021-05-19 13:33:22,14.3,-91.9167,85.35,74,100,3.71
89,Casino,AU,2021-05-19 13:33:23,-28.8667,153.05,54.57,100,65,0.0
90,Japura,ID,2021-05-19 13:33:23,-0.3167,102.35,75.36,96,100,1.52
91,Touros,BR,2021-05-19 13:33:23,-5.1989,-35.4608,85.1,68,76,13.31
92,Bluff,NZ,2021-05-19 13:33:24,-46.6,168.3333,50.81,81,100,20.76
93,Lexington,US,2021-05-19 13:32:56,37.9887,-84.4777,72.55,67,20,1.01
94,Severo-Kurilsk,RU,2021-05-19 13:33:24,50.6789,156.125,43.81,73,3,4.83
95,Ballina,AU,2021-05-19 13:32:39,-28.8667,153.5667,54.79,93,40,0.0
96,Kahului,US,2021-05-19 13:33:24,20.8947,-156.47,71.62,68,20,5.75
97,Kangaatsiaq,GL,2021-05-19 13:33:25,68.3065,-53.4641,35.74,76,100,11.68
98,Ribeira Grande,PT,2021-05-19 13:33:25,38.5167,-28.7,66.6,94,75,17.27
99,Gat,IL,2021-05-19 13:29:03,31.61,34.7642,92.39,38,0,17.13
100,Coihaique,CL,2021-05-19 13:33:25,-45.5752,-72.0662,43.41,100,90,3.44
101,Sitka,US,2021-05-19 13:33:26,57.0531,-135.33,46.29,76,90,10.36
102,Hay River,CA,2021-05-19 13:33:26,60.8156,-115.7999,22.98,80,20,8.05
103,Port Hardy,CA,2021-05-19 13:33:26,50.6996,-127.4199,44.6,100,75,2.3
104,Leningradskiy,RU,2021-05-19 13:33:26,69.3833,178.4167,24.66,94,84,4.83
105,Gushi,CN,2021-05-19 13:33:27,34.6425,109.5843,67.66,57,10,5.73
106,Saint George,US,2021-05-19 13:29:18,37.1041,-113.5841,69.8,35,1,1.01
107,Foix,FR,2021-05-19 13:33:27,42.8333,1.5833,59.34,49,69,10.54
108,Naze,JP,2021-05-19 13:33:27,28.3667,129.4833,73.51,93,100,9.55
109,Kysyl-Syr,RU,2021-05-19 13:33:28,63.8986,122.7617,33.37,42,16,3.2
110,Bambanglipuro,ID,2021-05-19 13:33:20,-7.95,110.2833,77.32,87,78,6.22
111,Djibo,BF,2021-05-19 13:33:28,14.1022,-1.6306,106.52,17,80,5.7
112,Saint-Pierre,RE,2021-05-19 13:31:26,-21.3393,55.4781,80.24,70,75,12.66
113,San Policarpo,PH,2021-05-19 13:33:28,12.1791,125.5072,81.59,84,100,9.37
114,Lata,PT,2021-05-19 13:33:28,40.1629,-8.3327,76.35,29,95,7.07
115,Ahipara,NZ,2021-05-19 13:32:56,-35.1667,173.1667,58.19,84,4,6.71
116,Fairbanks,US,2021-05-19 13:28:32,64.8378,-147.7164,48.16,71,75,4.61
117,Lebu,CL,2021-05-19 13:33:29,-37.6167,-73.65,55.9,88,73,18.41
118,San Ramon,US,2021-05-19 13:33:23,37.7799,-121.978,51.89,80,1,4.0
119,Faanui,PF,2021-05-19 13:33:29,-16.4833,-151.75,79.59,80,100,18.75
120,Iracoubo,GF,2021-05-19 13:33:30,5.4802,-53.2011,80.71,82,90,8.46
121,Lorengau,PG,2021-05-19 13:33:30,-2.0226,147.2712,82.18,79,56,6.31
122,Chuy,UY,2021-05-19 13:33:30,-33.6971,-53.4616,57.7,68,100,6.2
123,Karpinsk,RU,2021-05-19 13:33:30,59.7654,60.0085,70.36,36,60,5.7
124,Kovdor,RU,2021-05-19 13:32:02,67.5662,30.4758,50.49,84,100,6.8
125,Saint Anthony,US,2021-05-19 13:33:31,45.0205,-93.218,66.52,97,90,1.99
126,Xuddur,SO,2021-05-19 13:33:31,4.1213,43.8894,85.57,47,100,20.2
127,Katangli,RU,2021-05-19 13:33:32,51.7102,143.2326,38.1,98,100,4.72
128,Grand Gaube,MU,2021-05-19 13:33:32,-20.0064,57.6608,77.38,65,0,5.01
129,Qandala,SO,2021-05-19 13:33:32,11.472,49.8728,92.19,50,70,6.04
130,Dikson,RU,2021-05-19 13:33:33,73.5069,80.5464,22.55,82,11,2.73
131,Buritis,BR,2021-05-19 13:33:33,-15.6178,-46.4233,85.28,29,24,3.44
132,Miastko,PL,2021-05-19 13:33:33,54.0028,16.9826,60.53,53,99,11.65
133,Dumai,ID,2021-05-19 13:33:34,1.6833,101.45,76.06,96,93,1.9
134,Solnechnyy,RU,2021-05-19 13:31:50,50.7214,136.6319,51.69,87,63,3.13
135,Darhan,MN,2021-05-19 13:33:34,49.4867,105.9228,57.34,55,88,5.7
136,Kavieng,PG,2021-05-19 13:32:20,-2.5744,150.7967,83.23,75,58,9.91
137,Toora-Khem,RU,2021-05-19 13:33:34,52.4675,96.11,45.59,97,100,1.74
138,Alice Springs,AU,2021-05-19 13:33:35,-23.7,133.8833,51.35,22,5,7.31
139,Florianopolis,BR,2021-05-19 13:33:02,-27.6146,-48.5012,63.43,77,20,2.3
140,Arraial Do Cabo,BR,2021-05-19 13:32:32,-22.9661,-42.0278,75.16,69,75,4.61
141,Klaksvik,FO,2021-05-19 13:32:07,62.2266,-6.589,45.52,67,70,18.25
142,Kampen,NL,2021-05-19 13:33:35,52.555,5.9111,59.99,66,98,8.34
143,Hirara,JP,2021-05-19 13:33:35,24.8,125.2833,80.35,87,29,16.91
144,Comodoro Rivadavia,AR,2021-05-19 13:33:36,-45.8667,-67.5,44.46,87,75,0.0
145,Rafiganj,IN,2021-05-19 13:33:36,24.8167,84.65,87.94,53,67,1.21
146,Port Elizabeth,ZA,2021-05-19 13:32:25,-33.918,25.5701,74.1,53,0,5.75
147,Waddan,LY,2021-05-19 13:33:36,29.1614,16.139,102.67,8,2,6.71
148,Portland,US,2021-05-19 13:33:37,45.5234,-122.6762,46.98,91,20,0.0
149,Trelew,AR,2021-05-19 13:30:32,-43.249,-65.3051,59.61,74,63,21.56
150,Darjiu,RO,2021-05-19 13:33:37,46.2,25.2,68.36,54,99,6.62
151,Moose Factory,CA,2021-05-19 13:33:37,51.2585,-80.6094,73.38,43,1,12.66
152,Natal,BR,2021-05-19 13:33:09,-5.795,-35.2094,88.02,69,40,10.56
153,Zeya,RU,2021-05-19 13:33:38,53.75,127.2667,41.63,88,100,5.23
154,Poum,NC,2021-05-19 13:33:38,-20.2333,164.0167,75.38,72,100,6.53
155,Smithers,CA,2021-05-19 13:30:06,54.7804,-127.1743,37.72,100,90,6.91
156,Pingliang,CN,2021-05-19 13:33:38,35.5392,106.6861,58.14,45,25,5.55
157,Crisan,RO,2021-05-19 13:33:39,44.9667,29.4667,73.99,46,100,1.77
158,Nantucket,US,2021-05-19 13:33:39,41.2835,-70.0995,71.74,52,1,16.11
159,Tasiilaq,GL,2021-05-19 13:33:39,65.6145,-37.6368,26.76,64,31,1.59
160,Bonavista,CA,2021-05-19 13:33:40,48.6499,-53.1147,50.0,80,94,8.79
161,New Norfolk,AU,2021-05-19 13:33:40,-42.7826,147.0587,56.71,70,70,3.0
162,Castro,BR,2021-05-19 13:33:40,-24.7911,-50.0119,66.04,36,13,3.78
163,Iquitos,PE,2021-05-19 13:33:41,-3.7481,-73.2472,75.24,94,75,2.3
164,Novyy Urengoy,RU,2021-05-19 13:30:02,66.0833,76.6333,32.72,49,74,9.28
165,Berlevag,NO,2021-05-19 13:33:41,70.8578,29.0864,55.35,54,0,10.36
166,Tuatapere,NZ,2021-05-19 13:32:09,-46.1333,167.6833,50.83,86,100,4.97
167,De Lier,NL,2021-05-19 13:33:41,51.975,4.2486,60.03,83,20,11.01
168,Manassas Park,US,2021-05-19 13:30:09,38.784,-77.4697,73.96,66,1,1.99
169,Beloha,MG,2021-05-19 13:33:42,-25.1667,45.05,69.64,53,0,14.5
170,Fort Nelson,CA,2021-05-19 13:30:07,58.8053,-122.7002,33.39,75,20,3.44
171,Shemonaikha,KZ,2021-05-19 13:33:42,50.6328,81.9056,55.11,85,88,12.95
172,Kodiak,US,2021-05-19 13:33:43,57.79,-152.4072,42.31,75,90,13.8
173,Kurilsk,RU,2021-05-19 13:33:43,45.2333,147.8833,41.63,81,100,8.14
174,Shishou,CN,2021-05-19 13:33:43,29.7226,112.419,63.27,83,100,5.44
175,Jalu,LY,2021-05-19 13:33:43,29.0331,21.5482,100.29,9,0,11.65
176,Gurlan,UZ,2021-05-19 13:30:13,41.8447,60.3919,94.91,9,98,12.57
177,Ancud,CL,2021-05-19 13:33:34,-41.8697,-73.8203,55.22,87,100,8.57
178,Satellite Beach,US,2021-05-19 13:33:44,28.1761,-80.5901,80.1,69,1,5.99
179,Leh,IN,2021-05-19 13:33:20,34.1667,77.5833,46.06,64,100,3.36
180,Lincoln,US,2021-05-19 13:29:09,40.8,-96.667,66.58,97,90,3.0
181,Qom,IR,2021-05-19 13:33:44,34.6401,50.8764,97.45,6,0,15.21
182,Kupang,ID,2021-05-19 13:32:00,-10.1667,123.5833,78.96,77,56,13.18
183,Faya,SA,2021-05-19 13:33:45,18.3851,42.4509,82.51,20,30,13.58
184,Clyde River,CA,2021-05-19 13:33:45,70.4692,-68.5914,17.83,67,20,13.8
185,Warrnambool,AU,2021-05-19 13:33:45,-38.3833,142.4833,54.81,47,100,14.99
186,Goderich,CA,2021-05-19 13:29:46,43.7501,-81.7165,69.21,42,100,5.75
187,Kevelaer,DE,2021-05-19 13:33:45,51.5833,6.25,61.41,65,75,4.0
188,Kamenka,RU,2021-05-19 13:33:46,51.3223,42.7678,73.24,56,100,10.6
189,Atar,MR,2021-05-19 13:32:04,20.5169,-13.0499,106.84,9,53,11.59
190,Torbay,CA,2021-05-19 13:33:46,47.6666,-52.7314,48.49,79,75,4.61
191,Oistins,BB,2021-05-19 13:33:47,13.0667,-59.5333,86.09,51,40,23.02
192,Kununurra,AU,2021-05-19 13:32:09,-15.7667,128.7333,66.18,63,6,0.0
193,Ekpoma,NG,2021-05-19 13:33:47,6.7421,6.139,86.85,56,91,5.01
194,Souillac,MU,2021-05-19 13:33:47,-20.5167,57.5167,77.36,68,5,11.7
195,Kruisfontein,ZA,2021-05-19 13:33:48,-34.0033,24.7314,71.89,56,74,7.61
196,Ruwi,OM,2021-05-19 13:33:48,23.5996,58.5507,103.69,31,0,5.12
197,Tres Arroyos,AR,2021-05-19 13:30:33,-38.3739,-60.2798,55.71,59,99,9.57
198,Butaritari,KI,2021-05-19 13:33:48,3.0707,172.7902,82.8,75,100,11.43
199,Dolores,AR,2021-05-19 13:31:17,-36.3132,-57.6792,55.17,65,100,5.68
200,Umm Lajj,SA,2021-05-19 13:30:16,25.0213,37.2685,86.74,54,55,8.3
201,Richards Bay,ZA,2021-05-19 13:33:49,-28.783,32.0377,78.84,48,0,9.37
202,Albanel,CA,2021-05-19 13:33:49,48.8832,-72.4487,57.34,44,96,6.91
203,Narsaq,GL,2021-05-19 13:33:49,60.9167,-46.05,43.02,54,69,4.63
204,Srednekolymsk,RU,2021-05-19 13:33:50,67.45,153.6833,34.63,85,6,7.47
205,Buala,SB,2021-05-19 13:33:50,-8.145,159.5921,81.12,84,99,7.61
206,Bara,NG,2021-05-19 13:33:50,10.3744,10.7288,101.44,22,64,3.0
207,Luanda,AO,2021-05-19 13:33:50,-8.8368,13.2343,87.8,70,40,8.05
208,Provideniya,RU,2021-05-19 13:33:51,64.3833,-173.3,34.2,92,97,4.23
209,Ankara,TR,2021-05-19 13:33:51,39.9199,32.8543,74.75,17,20,9.22
210,Hohhot,CN,2021-05-19 13:33:51,40.8106,111.6522,59.29,55,40,7.65
211,Alta Floresta,BR,2021-05-19 13:33:52,-9.8756,-56.0861,84.02,61,0,8.05
212,Gualaca,PA,2021-05-19 13:33:52,8.5333,-82.3,84.72,63,50,1.74
213,Rio Gallegos,AR,2021-05-19 13:31:33,-51.6226,-69.2181,41.05,93,90,3.44
214,Conceicao Da Barra,BR,2021-05-19 13:31:01,-18.5933,-39.7322,80.02,61,82,5.41
215,Polyarnyy,RU,2021-05-19 13:33:52,69.1989,33.4478,59.47,81,100,12.77
216,Grao Mogol,BR,2021-05-19 13:33:53,-16.5594,-42.8897,82.9,33,4,2.13
217,Dakar,SN,2021-05-19 13:30:18,14.6937,-17.4441,78.93,69,92,6.91
218,Dunedin,NZ,2021-05-19 13:32:14,-45.8742,170.5036,49.84,81,80,6.33
219,Kalamata,GR,2021-05-19 13:33:53,37.0389,22.1142,82.17,35,0,1.01
220,Bonthe,SL,2021-05-19 13:33:53,7.5264,-12.505,84.97,70,57,10.63
221,Vanimo,PG,2021-05-19 13:33:53,-2.6741,141.3028,79.05,89,97,5.68
222,Yumen,CN,2021-05-19 13:33:54,40.2833,97.2,65.84,16,0,8.48
223,Nemuro,JP,2021-05-19 13:32:54,43.3236,145.575,42.94,90,100,7.09
224,Mombetsu,JP,2021-05-19 13:33:12,44.3525,143.3525,52.38,87,100,4.52
225,Adeje,ES,2021-05-19 13:33:54,28.1227,-16.726,74.52,49,0,5.01
226,Sur,OM,2021-05-19 13:33:55,22.5667,59.5289,94.91,33,0,2.04
227,San Quintin,MX,2021-05-19 13:33:55,30.4833,-115.95,60.33,82,79,8.14
228,Togur,RU,2021-05-19 13:33:55,58.3631,82.8265,45.23,37,95,10.6
229,Horsham,GB,2021-05-19 13:33:55,51.064,-0.3272,64.83,60,20,13.6
230,Huarmey,PE,2021-05-19 13:33:56,-10.0681,-78.1522,67.42,79,32,11.23
231,Ilulissat,GL,2021-05-19 13:33:34,69.2167,-51.1,35.62,69,90,6.91
232,Sao Jose Da Coroa Grande,BR,2021-05-19 13:33:56,-8.8978,-35.1478,80.67,76,62,3.31
233,West Wendover,US,2021-05-19 13:33:56,40.7391,-114.0733,52.81,43,1,4.61
234,Mekhe,SN,2021-05-19 13:33:57,15.1097,-16.6218,103.86,17,38,11.05
235,Laplace,US,2021-05-19 13:33:57,30.0666,-90.4801,78.98,84,1,5.01
236,Along,IN,2021-05-19 13:33:57,28.1667,94.7667,71.19,99,100,0.4
237,Espanola,US,2021-05-19 13:30:07,35.9911,-106.0806,53.17,59,2,3.51
238,Kyshtovka,RU,2021-05-19 13:33:58,56.555,76.6271,52.77,47,86,8.03
239,Wewak,PG,2021-05-19 13:33:58,-3.5534,143.6268,80.83,85,99,7.85
240,Saskylakh,RU,2021-05-19 13:33:58,71.9167,114.0833,28.85,91,100,9.33
241,Tadine,NC,2021-05-19 13:33:58,-21.55,167.8833,73.83,74,100,16.35
242,Doha,QA,2021-05-19 13:33:59,25.2867,51.5333,107.91,23,0,9.22
243,Hanting,CN,2021-05-19 13:33:59,36.7708,119.2108,66.25,54,100,10.67
244,Oktyabrskoye,RU,2021-05-19 13:33:59,43.0645,44.7417,68.14,95,75,4.45
245,Thompson,CA,2021-05-19 13:30:22,55.7435,-97.8558,28.56,93,90,11.5
246,Oka,CA,2021-05-19 13:34:00,45.4649,-74.0889,70.14,42,37,1.99
247,Prince George,CA,2021-05-19 13:30:56,53.9166,-122.753,39.25,94,90,3.44
248,Garden City,US,2021-05-19 13:34:00,42.3256,-83.331,73.11,62,75,1.01
249,Bombay,IN,2021-05-19 13:30:43,19.0144,72.8479,85.98,79,40,8.05
250,Esperance,AU,2021-05-19 13:34:00,-33.8667,121.9,60.64,84,35,2.3
251,Vila Velha,BR,2021-05-19 13:34:01,-20.3297,-40.2925,79.97,67,20,1.01
252,Copiapo,CL,2021-05-19 13:30:10,-27.3667,-70.3333,56.89,67,100,1.19
253,Arman,RU,2021-05-19 13:34:01,59.7,150.1667,31.96,97,100,4.65
254,Samarai,PG,2021-05-19 13:34:01,-10.6167,150.6667,80.92,85,100,14.7
255,Batagay-Alyta,RU,2021-05-19 13:34:02,67.8006,130.4114,27.63,88,100,5.23
256,Oussouye,SN,2021-05-19 13:34:02,12.485,-16.5469,98.78,39,97,12.91
257,Mar Del Plata,AR,2021-05-19 13:33:50,-38.0023,-57.5575,58.08,58,75,2.3
258,Carutapera,BR,2021-05-19 13:34:02,-1.195,-46.02,86.2,63,6,7.83
259,Kyra,RU,2021-05-19 13:34:03,49.5776,111.9753,47.37,68,13,2.35
260,Christchurch,NZ,2021-05-19 13:32:59,-43.5333,172.6333,47.48,95,33,1.99
261,Longyearbyen,SJ,2021-05-19 13:34:03,78.2186,15.6401,28.24,64,0,5.75
262,San Juan,AR,2021-05-19 13:34:03,-31.5375,-68.5364,65.43,57,65,2.35
263,Peniche,PT,2021-05-19 13:34:04,39.3558,-9.3811,77.76,60,79,19.75
264,Taltal,CL,2021-05-19 13:34:04,-25.4,-70.4833,64.04,66,100,4.83
265,Granville,AU,2021-05-19 13:34:04,-33.8333,151.0167,55.36,90,0,3.76
266,Pangoa,PE,2021-05-19 13:34:05,-12.1167,-73.0,72.97,90,47,0.34
267,Nuevitas,CU,2021-05-19 13:34:05,21.5453,-77.2644,76.44,88,100,9.46
268,Hereford,GB,2021-05-19 13:33:59,52.0568,-2.7148,62.74,53,68,5.99
269,Sabha,LY,2021-05-19 13:34:05,27.0377,14.4283,101.05,7,8,10.69
270,Emerald,AU,2021-05-19 13:34:05,-23.5333,148.1667,64.54,63,95,9.22
271,Torrington,US,2021-05-19 13:34:06,41.8007,-73.1212,76.33,51,9,4.0
272,Praia Da Vitoria,PT,2021-05-19 13:34:06,38.7333,-27.0667,71.76,78,20,22.46
273,Concarneau,FR,2021-05-19 13:29:12,47.875,-3.9225,63.05,61,85,14.41
274,Kinablangan,PH,2021-05-19 13:34:07,7.6947,126.5503,79.05,87,98,3.62
275,Madawaska,US,2021-05-19 13:34:07,47.3561,-68.3288,57.25,49,1,2.3
276,Igarka,RU,2021-05-19 13:34:07,67.4667,86.5833,23.04,89,42,13.4
277,Ogbomosho,NG,2021-05-19 13:34:08,8.133,4.25,91.58,43,77,4.47
278,Ola,RU,2021-05-19 13:34:08,59.5833,151.2833,31.96,98,100,5.97
279,Cernica,RO,2021-05-19 13:34:08,44.4167,26.2833,78.15,36,0,9.78
280,Port-Gentil,GA,2021-05-19 13:34:08,-0.7193,8.7815,80.56,94,75,10.36
281,Itoman,JP,2021-05-19 13:34:09,26.1247,127.6694,80.98,94,40,13.8
282,Sao Filipe,CV,2021-05-19 13:34:09,14.8961,-24.4956,76.64,68,100,7.38
283,Tautira,PF,2021-05-19 13:34:09,-17.7333,-149.15,78.82,79,97,21.21
284,Manta,EC,2021-05-19 13:31:25,-0.95,-80.7333,74.98,83,90,4.61
285,Bolitoc,PH,2021-05-19 13:34:10,15.7395,119.8769,83.59,75,33,4.12
286,Tecoanapa,MX,2021-05-19 13:34:10,16.5167,-98.75,82.0,66,0,3.02
287,Viseu,PT,2021-05-19 13:34:10,40.661,-7.9097,71.85,27,92,4.07
288,San Cristobal,VE,2021-05-19 13:30:35,7.7669,-72.225,75.38,61,75,6.04
289,Ust-Omchug,RU,2021-05-19 13:34:11,61.15,149.6333,30.31,88,96,4.5
290,Cherskiy,RU,2021-05-19 13:34:11,68.75,161.3,32.83,83,26,6.58
291,Denpasar,ID,2021-05-19 13:34:11,-8.65,115.2167,80.26,85,40,5.46
292,Turbat,PK,2021-05-19 13:34:12,26.0023,63.044,102.24,18,21,13.44
293,Flinders,AU,2021-05-19 13:34:12,-34.5833,150.8552,51.21,78,75,1.01
294,Manjo,CM,2021-05-19 13:34:12,4.8428,9.8217,86.7,58,35,2.21
295,Lope De Vega,PH,2021-05-19 13:34:13,12.2983,124.6238,75.96,97,100,1.74
296,Shelburne,CA,2021-05-19 13:34:13,44.0787,-80.2041,71.56,39,100,6.11
297,Sembe,CG,2021-05-19 13:34:13,1.6481,14.5806,87.21,55,70,3.67
298,Havelock,US,2021-05-19 13:34:13,34.8791,-76.9013,75.97,66,1,1.01
299,Dingle,PH,2021-05-19 13:34:14,10.9995,122.6711,79.29,83,100,4.25
300,Sola,VU,2021-05-19 13:34:14,-13.8833,167.55,80.44,79,83,18.81
301,Altamira,BR,2021-05-19 13:34:14,-3.2033,-52.2064,81.03,81,61,3.74
302,Codrington,AU,2021-05-19 13:33:52,-38.2667,141.9667,55.2,48,100,13.62
303,Dauriya,RU,2021-05-19 13:34:15,49.9333,116.8667,50.2,54,98,5.08
304,Bermeo,ES,2021-05-19 13:34:15,43.4209,-2.7215,65.82,64,23,10.13
305,Wenling,CN,2021-05-19 13:34:15,28.3669,121.36,70.88,97,100,3.33
306,Hue,VN,2021-05-19 13:32:25,16.4667,107.6,86.11,75,20,4.63
307,Mbandaka,CD,2021-05-19 13:34:16,0.0487,18.2603,82.94,62,61,1.45
308,Bud,US,2021-05-19 13:34:16,39.447,-86.1758,68.34,92,100,10.76
309,Victoria,HK,2021-05-19 13:34:16,22.2855,114.1577,86.38,78,100,1.99
310,Ust-Tsilma,RU,2021-05-19 13:34:17,65.441,52.1498,74.35,58,98,2.93
311,Aykhal,RU,2021-05-19 13:34:12,66.0,111.5,29.03,98,100,1.95
312,Mayumba,GA,2021-05-19 13:34:17,-3.432,10.6554,80.94,83,97,9.91
313,Pyapon,MM,2021-05-19 13:34:17,16.2833,95.6833,87.28,67,89,13.31
314,Hofn,IS,2021-05-19 13:34:17,64.2539,-15.2082,41.02,36,75,13.8
315,Fare,PF,2021-05-19 13:34:18,-16.7,-151.0167,81.32,75,87,20.69
316,Cidreira,BR,2021-05-19 13:33:06,-30.1811,-50.2056,61.48,60,10,9.13
317,Altoona,US,2021-05-19 13:34:08,40.5187,-78.3947,72.23,51,11,0.51
318,Kaitangata,NZ,2021-05-19 13:34:18,-46.2817,169.8464,54.93,82,100,9.53
319,Tongliao,CN,2021-05-19 13:34:19,43.6125,122.2653,75.25,29,98,14.38
320,Nikolskoye,RU,2021-05-19 13:34:19,59.7035,30.7861,80.49,75,27,14.88
321,Kutum,SD,2021-05-19 13:34:19,14.2,24.6667,94.6,8,52,9.42
322,Roswell,US,2021-05-19 13:34:20,34.0232,-84.3616,70.68,72,1,1.99
323,Gelsenkirchen,DE,2021-05-19 13:34:20,51.5167,7.05,61.81,71,100,1.99
324,Kloulklubed,PW,2021-05-19 13:34:01,7.0419,134.2556,77.5,76,96,9.31
325,Port Lincoln,AU,2021-05-19 13:34:20,-34.7333,135.8667,62.78,45,100,7.87
326,Port Macquarie,AU,2021-05-19 13:34:21,-31.4333,152.9167,51.89,100,19,0.0
327,Leshukonskoye,RU,2021-05-19 13:34:21,64.8989,45.7622,85.77,26,58,8.39
328,Xichang,CN,2021-05-19 13:34:21,27.8964,102.2634,62.55,88,100,2.95
329,Seydi,TM,2021-05-19 13:34:21,39.4816,62.9137,93.33,8,99,14.74
330,Paita,PE,2021-05-19 13:34:22,-5.0892,-81.1144,68.56,80,43,10.78
331,Raymond,US,2021-05-19 13:34:22,43.9015,-70.4703,70.68,39,24,8.88
332,Olafsvik,IS,2021-05-19 13:34:22,64.8945,-23.7142,39.65,63,26,7.52
333,Chernyshevskiy,RU,2021-05-19 13:34:23,63.0128,112.4714,28.83,47,85,2.26
334,Alofi,NU,2021-05-19 13:34:23,-19.0595,-169.9187,67.89,100,0,2.3
335,Mandalgovi,MN,2021-05-19 13:34:23,45.7625,106.2708,62.51,36,99,5.77
336,Ostersund,SE,2021-05-19 13:34:24,63.1792,14.6357,54.05,58,75,5.75
337,Cedar City,US,2021-05-19 13:34:24,37.6775,-113.0619,66.4,33,1,5.75
338,Hermiston,US,2021-05-19 13:30:56,45.8404,-119.2895,51.8,60,90,9.22
339,Kemise,ET,2021-05-19 13:34:24,10.7167,39.8667,86.23,20,99,9.13
340,San Jeronimo,PE,2021-05-19 13:34:25,-11.9472,-75.2829,52.81,67,41,1.1
341,Jiwani,PK,2021-05-19 13:34:25,25.05,61.7417,87.85,71,0,17.78
342,Binzhou,CN,2021-05-19 13:34:25,37.3667,118.0167,73.02,54,100,6.98
343,Harper,LR,2021-05-19 13:34:04,4.375,-7.7169,82.06,79,99,7.9
344,Valley City,US,2021-05-19 13:34:26,46.9233,-98.0032,61.79,100,90,11.5
345,Agucadoura,PT,2021-05-19 13:34:26,41.4318,-8.7804,75.24,55,82,17.69
346,Chabahar,IR,2021-05-19 13:34:26,25.2919,60.643,91.13,52,0,10.11
347,Avera,US,2021-05-19 13:34:27,33.194,-82.5271,72.91,72,91,11.97
348,Mecca,SA,2021-05-19 13:34:27,21.4267,39.8261,100.74,13,48,18.84
349,Jinchang,CN,2021-05-19 13:34:27,38.4953,102.1739,64.0,22,17,5.37
350,North Platte,US,2021-05-19 13:34:28,41.1239,-100.7654,58.37,89,1,1.01
351,Hovd,MN,2021-05-19 13:34:28,48.0056,91.6419,66.94,27,100,8.81
352,Bambous Virieux,MU,2021-05-19 13:34:28,-20.3428,57.7575,77.22,65,0,12.84
353,Poitiers,FR,2021-05-19 13:34:29,46.5833,0.3333,63.25,48,75,14.97
354,Mopti,ML,2021-05-19 13:34:29,14.6667,-4.0,108.79,16,13,8.41
355,Matara,LK,2021-05-19 13:33:21,5.9485,80.5353,81.52,82,97,7.76
356,San Pedro,PH,2021-05-19 13:34:29,14.35,121.0167,86.36,79,20,10.98
357,Rena,NO,2021-05-19 13:34:30,61.1348,11.3641,60.82,56,59,0.67
358,Inuvik,CA,2021-05-19 13:34:30,68.3499,-133.7218,41.86,52,75,8.05
359,Itabira,BR,2021-05-19 13:34:30,-19.6192,-43.2269,75.81,44,0,2.98
360,Sechura,PE,2021-05-19 13:32:05,-5.5569,-80.8222,70.47,76,67,11.7
361,Qaanaaq,GL,2021-05-19 13:32:17,77.484,-69.3632,34.29,95,100,9.24
362,Te Anau,NZ,2021-05-19 13:31:59,-45.4167,167.7167,43.52,91,47,1.88
363,Tabuk,PH,2021-05-19 13:34:31,17.4189,121.4443,79.07,63,7,4.14
364,Vestmannaeyjar,IS,2021-05-19 13:34:31,63.4427,-20.2734,41.99,81,75,6.91
365,Imbituba,BR,2021-05-19 13:32:34,-28.24,-48.6703,64.29,62,21,2.8
366,Chicama,PE,2021-05-19 13:34:31,-7.8447,-79.1469,63.14,77,46,7.36
367,Svecha,RU,2021-05-19 13:34:32,58.2785,47.5164,75.2,46,10,9.37
368,Carmen,MX,2021-05-19 13:32:32,18.6333,-91.8333,80.64,83,20,16.11
369,Ternate,ID,2021-05-19 13:34:32,0.8,127.4,81.66,77,100,0.43
370,Vila Franca Do Campo,PT,2021-05-19 13:34:32,37.7167,-25.4333,68.41,73,100,12.41
371,Bardsir,IR,2021-05-19 13:34:33,29.9227,56.5743,86.05,12,3,11.54
372,Sergeyevka,KZ,2021-05-19 13:33:28,53.88,67.4158,64.94,42,9,9.82
373,Lovington,US,2021-05-19 13:34:33,32.944,-103.3485,60.42,42,100,7.45
374,Talnakh,RU,2021-05-19 13:34:33,69.4865,88.3972,17.13,90,13,7.49
375,Neryungri,RU,2021-05-19 13:34:34,56.6709,124.6491,30.51,98,100,3.24
376,Port Augusta,AU,2021-05-19 13:34:34,-32.5,137.7667,62.74,34,100,5.57
377,Kosh-Agach,RU,2021-05-19 13:34:34,50.0,88.6667,51.62,62,100,5.12
378,Novyy Rogachik,RU,2021-05-19 13:34:34,48.6768,44.0608,65.3,74,100,14.52
379,Pisco,PE,2021-05-19 13:34:35,-13.7,-76.2167,64.02,94,29,3.44
380,Miri,MY,2021-05-19 13:34:35,4.4148,114.0089,77.14,93,40,6.78
381,Sakakah,SA,2021-05-19 13:34:35,29.9697,40.2064,105.37,7,0,12.55
382,Turukhansk,RU,2021-05-19 13:34:36,65.8167,87.9833,31.95,77,94,9.17
383,Pauini,BR,2021-05-19 13:34:36,-7.7136,-66.9764,85.01,61,18,2.98
384,Ust-Kuyga,RU,2021-05-19 13:34:36,70.0167,135.6,30.65,97,100,6.13
385,Domoni,KM,2021-05-19 13:34:37,-12.2569,44.5319,80.56,71,52,9.53
386,Muli,MV,2021-05-19 13:34:37,2.9167,73.5667,84.83,73,18,12.71
387,Odweyne,SO,2021-05-19 13:34:37,9.4092,45.064,88.75,31,100,16.58
388,Namatanai,PG,2021-05-19 13:34:37,-3.6667,152.4333,79.39,84,75,5.91
389,Myski,RU,2021-05-19 13:34:38,53.709,87.8014,45.91,94,100,3.78
390,Komsomolskiy,UZ,2021-05-19 13:34:38,40.4272,71.7189,78.22,43,40,29.93
391,La Ronge,CA,2021-05-19 13:34:38,55.1001,-105.2842,32.25,93,90,9.22
392,Haines Junction,CA,2021-05-19 13:34:39,60.7522,-137.5108,26.55,93,8,0.0
393,Rochester,US,2021-05-19 13:30:09,43.1548,-77.6156,72.59,57,1,6.91
394,Abu Dhabi,AE,2021-05-19 13:30:01,24.4667,54.3667,104.11,63,0,15.19
395,Satka,RU,2021-05-19 13:32:14,55.0425,59.04,66.29,43,42,7.2
396,Panacan,PH,2021-05-19 13:34:39,9.2463,118.4082,80.69,86,100,6.62
397,Grenfell,AU,2021-05-19 13:34:39,-33.9,148.1667,44.01,84,97,2.59
398,Mishkino,RU,2021-05-19 13:34:40,55.3389,63.9175,65.71,46,19,8.34
399,Prince Rupert,CA,2021-05-19 13:30:07,54.3161,-130.3201,47.89,93,90,4.61
400,Kathu,TH,2021-05-19 13:34:40,7.9178,98.3332,84.69,90,100,6.38
401,Khandyga,RU,2021-05-19 13:34:40,62.6667,135.6,36.7,43,100,7.87
402,Cabo Rojo,PR,2021-05-19 13:34:41,18.0866,-67.1457,86.72,70,100,5.01
403,Ussel,FR,2021-05-19 13:34:41,45.55,2.3167,44.73,85,83,8.3
404,Coquimbo,CL,2021-05-19 13:34:41,-29.9533,-71.3436,60.53,78,90,1.21
405,Ouro Preto Do Oeste,BR,2021-05-19 13:34:42,-10.7481,-62.2158,81.64,67,6,1.28
406,Shimoda,JP,2021-05-19 13:34:42,34.6667,138.95,69.17,97,100,8.55
407,Havoysund,NO,2021-05-19 13:34:42,70.9963,24.6622,52.68,91,100,5.79
408,Tomatlan,MX,2021-05-19 13:34:43,19.9333,-105.25,73.92,65,0,2.44
409,Olinda,BR,2021-05-19 13:34:43,-8.0089,-34.8553,78.53,73,40,6.76
410,Aswan,EG,2021-05-19 13:34:44,24.0934,32.907,103.42,8,0,6.49
411,Xinzhi,CN,2021-05-19 13:34:44,36.4989,111.7047,62.91,73,100,3.98
412,Rio Grande,BR,2021-05-19 13:32:59,-32.035,-52.0986,55.94,70,15,7.92
413,Deep River,CA,2021-05-19 13:34:44,46.1001,-77.4995,69.94,42,16,3.49
414,Tapes,BR,2021-05-19 13:34:44,-30.6733,-51.3958,60.1,55,44,4.72
415,Ziway,ET,2021-05-19 13:34:45,7.9333,38.7167,82.13,34,100,2.46
416,Constitucion,CL,2021-05-19 13:34:45,-35.3333,-72.4167,55.83,91,100,21.16
417,Sanford,US,2021-05-19 13:33:01,28.8006,-81.2731,79.29,74,1,8.01
418,Kobryn,BY,2021-05-19 13:34:45,52.2138,24.3564,60.75,86,96,16.69
419,Hasanabad,IR,2021-05-19 13:34:46,36.5465,61.0543,98.82,10,40,11.5
420,Amboasary,MG,2021-05-19 13:34:46,-25.0333,46.3833,73.24,56,0,14.5
421,Garissa,KE,2021-05-19 13:34:46,-0.4536,39.6401,93.94,29,100,18.45
422,Deloraine,AU,2021-05-19 13:34:47,-41.5333,146.6667,50.79,92,96,1.01
423,Alihe,CN,2021-05-19 13:34:47,50.5667,123.7167,47.52,98,100,1.41
424,Cabo San Lucas,MX,2021-05-19 13:34:47,22.8909,-109.9124,74.8,67,0,7.81
425,El Tarra,CO,2021-05-19 13:34:48,8.5756,-73.0949,87.1,61,20,2.08
426,Nagato,JP,2021-05-19 13:34:48,34.3833,131.2,67.91,76,100,4.68
427,Kirkwood,US,2021-05-19 13:32:41,38.5834,-90.4068,70.59,85,75,1.01
428,Kasama,ZM,2021-05-19 13:34:48,-10.2129,31.1808,75.06,46,100,8.16
429,Hobyo,SO,2021-05-19 13:34:49,5.3505,48.5268,82.47,70,66,30.82
430,Nanchang,CN,2021-05-19 13:34:49,28.6833,115.8833,64.6,94,96,2.82
431,Baiyin,CN,2021-05-19 13:34:49,36.5583,104.2081,59.88,30,42,2.98
432,Nioro,GM,2021-05-19 13:34:49,13.35,-15.75,103.59,18,14,6.26
433,Gao,ML,2021-05-19 13:34:50,16.6362,1.637,109.87,10,44,4.36
434,Taksimo,RU,2021-05-19 13:34:50,56.3444,114.8794,35.96,57,94,2.1
435,Princeville,CA,2021-05-19 13:34:50,45.7668,-61.2985,47.75,97,90,7.0
436,Celestun,MX,2021-05-19 13:34:51,20.8667,-90.4,82.83,68,17,13.47
437,Ambovombe,MG,2021-05-19 13:34:51,-25.1667,46.0833,69.91,57,6,18.21
438,Havre-Saint-Pierre,CA,2021-05-19 13:32:56,50.2334,-63.5986,44.96,93,90,5.75
439,Manfredonia,IT,2021-05-19 13:34:51,41.6259,15.9094,76.82,50,40,13.51
440,Meulaboh,ID,2021-05-19 13:32:57,4.1363,96.1285,80.91,77,100,1.39
441,Pecos,US,2021-05-19 13:30:23,31.4229,-103.4932,68.05,77,1,5.75
442,Shakawe,BW,2021-05-19 13:34:52,-18.3667,21.85,85.44,18,1,6.22
443,Ponta Do Sol,PT,2021-05-19 13:34:52,32.6667,-17.1,80.71,59,2,2.75
444,Aksu,CN,2021-05-19 13:34:52,41.1231,80.2644,71.04,33,100,14.23
445,Conceicao Do Araguaia,BR,2021-05-19 13:34:53,-8.2578,-49.2647,80.73,61,0,3.29
446,Pancol,PH,2021-05-19 13:34:53,10.8715,119.4157,80.47,86,100,6.42
447,Karpathos,GR,2021-05-19 13:34:53,35.507,27.2132,76.96,60,0,4.9
448,Okhotsk,RU,2021-05-19 13:34:54,59.3833,143.3,30.6,93,100,2.04
449,Adre,TD,2021-05-19 13:34:54,13.4667,22.2,100.06,9,2,8.16
450,Terrasini,IT,2021-05-19 13:34:54,38.146,13.0844,79.07,68,0,5.75
451,Kilindoni,TZ,2021-05-19 13:34:55,-7.9139,39.6668,78.75,63,82,18.03
452,Kosa,RU,2021-05-19 13:34:55,59.9445,54.9977,71.55,40,3,5.12
453,Fukue,JP,2021-05-19 13:31:54,32.6881,128.8419,66.33,79,100,7.81
454,Tornio,FI,2021-05-19 13:34:55,65.8481,24.1466,50.02,97,100,9.19
455,Sao Joao Da Barra,BR,2021-05-19 13:33:05,-21.6403,-41.0511,75.29,64,42,2.15
456,Camocim,BR,2021-05-19 13:34:56,-2.9022,-40.8411,85.17,65,44,10.25
457,Aligudarz,IR,2021-05-19 13:34:56,33.4006,49.6949,77.61,14,0,14.94
458,Broome,US,2021-05-19 13:34:56,42.2506,-75.833,72.64,50,1,1.01
459,Tiruttani,IN,2021-05-19 13:34:57,13.177,79.6128,91.49,65,72,5.93
460,Karakulino,RU,2021-05-19 13:34:57,56.012,53.7067,73.58,46,77,10.87
461,Hualmay,PE,2021-05-19 13:34:57,-11.0964,-77.6139,65.89,79,27,10.45
462,Correntina,BR,2021-05-19 13:34:58,-13.3433,-44.6367,86.67,30,67,5.75
463,Balti,MD,2021-05-19 13:34:58,47.7617,27.9289,67.64,66,100,17.31
464,Vardo,NO,2021-05-19 13:34:58,70.3705,31.1107,52.0,66,0,4.61
465,Kontagora,NG,2021-05-19 13:34:59,10.3999,5.4695,103.46,20,9,6.04
466,Nueva Gorgona,PA,2021-05-19 13:34:59,8.55,-79.8667,85.21,99,37,3.58
467,Westport,US,2021-05-19 13:34:59,41.1415,-73.3579,78.44,45,1,3.0
468,Bubaque,GW,2021-05-19 13:35:00,11.2833,-15.8333,78.55,79,36,8.32
469,Paracuru,BR,2021-05-19 13:35:00,-3.41,-39.0306,82.42,68,11,11.86
470,Talcahuano,CL,2021-05-19 13:35:00,-36.7167,-73.1167,56.88,88,90,19.57
471,Mocuba,MZ,2021-05-19 13:35:01,-16.8392,36.9856,76.32,75,9,2.64
472,Pochutla,MX,2021-05-19 13:35:01,15.7432,-96.4661,79.83,62,0,6.38
473,Markova,UA,2021-05-19 13:35:01,48.6758,24.4138,56.79,68,97,8.01
474,Sheridan,US,2021-05-19 13:35:02,44.8333,-106.9173,55.58,62,1,1.99
475,Cruzeiro Do Sul,BR,2021-05-19 13:35:02,-29.5128,-51.9853,63.77,49,80,0.63
476,Quatre Cocos,MU,2021-05-19 13:33:16,-20.2078,57.7625,77.09,66,0,13.15
477,Tabou,CI,2021-05-19 13:35:02,4.423,-7.3528,81.64,82,98,8.03
478,Kholodnyy,RU,2021-05-19 13:35:03,62.7167,147.95,38.8,65,100,5.57
479,Kennett,US,2021-05-19 13:35:04,36.2362,-90.0556,71.6,94,75,10.36
480,Ixtapa,MX,2021-05-19 13:35:04,20.7,-105.2,76.23,78,90,0.0
481,Kalemie,CD,2021-05-19 13:35:04,-5.9475,29.1947,79.27,65,9,6.49
482,Vacaria,BR,2021-05-19 13:35:04,-28.5122,-50.9339,55.83,36,14,4.25
483,Mae Ramat,TH,2021-05-19 13:35:05,16.984,98.5166,81.5,73,100,1.32
484,Muroto,JP,2021-05-19 13:33:13,33.2833,134.15,69.13,88,100,6.46
485,Ulsteinvik,NO,2021-05-19 13:35:05,62.3432,5.8487,54.32,83,100,8.01
486,Poya,NC,2021-05-19 13:35:05,-21.35,165.15,70.05,84,93,4.14
487,Dhidhdhoo,MV,2021-05-19 13:35:06,6.8833,73.1,84.76,74,21,17.31
488,Iqaluit,CA,2021-05-19 13:35:06,63.7506,-68.5145,22.73,62,75,8.01
489,Pendleton,US,2021-05-19 13:35:06,45.6721,-118.7886,50.05,60,75,6.91
490,Sayyan,YE,2021-05-19 13:35:07,15.1718,44.3244,77.22,17,93,11.65
491,Ambilobe,MG,2021-05-19 13:35:07,-13.2,49.05,77.67,72,99,1.57
492,Akdepe,TM,2021-05-19 13:35:07,42.0551,59.3788,95.09,7,90,5.28
493,Laguna,US,2021-05-19 13:32:18,38.421,-121.4238,55.22,78,1,1.01
494,Iquique,CL,2021-05-19 13:35:08,-20.2208,-70.1431,64.44,65,70,10.71
495,Parainen,FI,2021-05-19 13:35:08,60.3067,22.301,55.85,91,100,16.33
496,Petropavlovsk-Kamchatskiy,RU,2021-05-19 13:30:29,53.0452,158.6483,48.79,57,5,12.64
497,Batemans Bay,AU,2021-05-19 13:30:15,-35.7167,150.1833,48.9,80,82,4.5
498,Nome,US,2021-05-19 13:33:27,64.5011,-165.4064,26.67,93,1,0.0
499,Bairiki,KI,2021-05-19 13:35:08,1.3292,172.9752,83.16,77,98,12.93
500,Chumikan,RU,2021-05-19 13:35:09,54.7183,135.315,35.69,73,99,5.3
501,Geraldton,AU,2021-05-19 13:35:09,-28.7667,114.6,64.81,78,0,13.87
502,Akyab,MM,2021-05-19 13:35:09,20.15,92.9,85.78,73,67,8.52
503,Okha,RU,2021-05-19 13:35:10,53.5739,142.9478,33.58,96,66,6.13
504,Nanzhang,CN,2021-05-19 13:35:10,31.7765,111.8386,66.27,75,100,4.03
505,Guerrero Negro,MX,2021-05-19 13:35:10,27.9769,-114.0611,61.48,78,87,10.98
506,Magan,ES,2021-05-19 13:35:11,39.9683,-3.931,79.32,27,6,5.03
507,Leon Valley,US,2021-05-19 13:35:11,29.4952,-98.6186,68.43,88,75,1.01
508,Caravelas,BR,2021-05-19 13:33:07,-17.7125,-39.2481,79.32,64,62,5.7
509,Bayonet Point,US,2021-05-19 13:35:11,28.3267,-82.6834,80.29,75,76,5.01
510,Sao Gabriel Da Cachoeira,BR,2021-05-19 13:35:12,-0.1303,-67.0892,76.8,99,40,0.85
511,Zharkent,KZ,2021-05-19 13:35:12,44.1628,80.0,77.77,21,100,20.18
512,Rocha,UY,2021-05-19 13:35:12,-34.4833,-54.3333,57.67,66,100,7.25
513,Bilibino,RU,2021-05-19 13:35:12,68.0546,166.4372,22.91,93,97,4.29
514,Mabaruma,GY,2021-05-19 13:35:13,8.2,-59.7833,86.31,58,21,7.92
515,Kazachinskoye,RU,2021-05-19 13:35:13,57.6953,93.2761,46.71,46,99,4.09
516,Kayankulam,IN,2021-05-19 13:35:13,9.1833,76.5,80.56,83,100,5.01
517,Pokhara,NP,2021-05-19 13:35:14,28.2333,83.9833,69.82,80,100,4.14
518,Peterhead,GB,2021-05-19 13:35:14,57.5058,-1.7981,52.72,71,100,11.95
519,Preobrazheniye,RU,2021-05-19 13:35:14,42.9019,133.9064,54.32,76,100,6.22
520,Paragominas,BR,2021-05-19 13:35:15,-2.9667,-47.4833,85.51,64,24,3.62
521,Henderson,US,2021-05-19 13:35:15,36.0397,-114.9819,78.24,17,1,8.08
522,Sarangani,PH,2021-05-19 13:35:15,5.4033,125.4636,82.38,80,100,14.23
523,California City,US,2021-05-19 13:35:16,35.1258,-117.9859,72.81,34,1,13.67
524,Dawei,MM,2021-05-19 13:35:16,14.0833,98.2,82.27,82,86,3.85
525,Purwodadi,ID,2021-05-19 13:35:16,-7.0868,110.9158,82.11,88,85,1.5
526,Soubre,CI,2021-05-19 13:35:17,5.7856,-6.6083,89.15,56,99,5.23
527,Lanigan,CA,2021-05-19 13:35:17,51.8501,-105.0344,48.49,41,28,18.99
528,Kula,TR,2021-05-19 13:35:17,38.5473,28.6498,83.28,21,0,9.82
529,Husavik,IS,2021-05-19 13:35:18,66.0449,-17.3389,39.11,64,62,8.16
530,Merauke,ID,2021-05-19 13:32:30,-8.4667,140.3333,79.14,88,100,14.54
531,Basoko,CD,2021-05-19 13:35:18,1.2391,23.616,85.93,55,97,0.67
532,Alikovo,RU,2021-05-19 13:35:18,55.7383,46.7549,80.47,61,0,14.72
533,Vao,NC,2021-05-19 13:35:19,-22.6667,167.4833,73.42,72,94,21.27
534,Isangel,VU,2021-05-19 13:35:19,-19.55,169.2667,71.65,86,100,18.28
535,Kabarnet,KE,2021-05-19 13:35:19,0.4919,35.743,76.01,48,99,4.7
536,Dali,CN,2021-05-19 13:35:20,25.7,100.1833,63.75,77,100,5.08
537,Saint-Francois,FR,2021-05-19 13:33:48,46.4154,3.9054,56.64,67,75,11.5
538,Dunavarsany,HU,2021-05-19 13:35:20,47.2786,19.0662,61.05,53,100,4.99
539,Salobrena,ES,2021-05-19 13:35:20,36.7428,-3.5872,97.11,71,77,5.79
540,Vila,PT,2021-05-19 13:35:21,42.0304,-8.1588,67.75,36,95,5.21
541,Adrar,MR,2021-05-19 13:35:21,20.5022,-10.0711,105.22,10,52,10.25
542,Kropotkin,RU,2021-05-19 13:35:21,45.4375,40.5756,64.74,67,11,18.59
543,Hamilton,US,2021-05-19 13:35:21,39.1834,-84.5333,72.81,80,40,1.01
544,Ulaangom,MN,2021-05-19 13:35:22,49.9811,92.0667,61.81,49,72,1.63
545,Cairns,AU,2021-05-19 13:35:22,-16.9167,145.7667,73.35,89,75,12.66
546,Pasighat,IN,2021-05-19 13:35:22,28.0667,95.3333,72.37,97,100,2.3
547,Ormara,PK,2021-05-19 13:35:23,25.2088,64.6357,85.19,78,1,9.04
548,Ziyang,CN,2021-05-19 13:35:23,29.2497,117.8547,67.26,100,100,2.35
549,Evensk,RU,2021-05-19 13:35:23,61.95,159.2333,32.05,99,100,5.26
550,Srednyaya Akhtuba,RU,2021-05-19 13:35:24,48.7089,44.8667,65.86,59,100,17.87
551,Pervomayskoye,RU,2021-05-19 13:35:24,43.919,46.7102,85.48,31,8,18.92
552,Kralendijk,BQ,2021-05-19 13:32:51,12.15,-68.2667,84.18,74,90,19.57
553,Campbell River,CA,2021-05-19 13:35:24,50.0163,-125.2446,41.59,100,20,2.3
554,Ardmore,US,2021-05-19 13:35:25,34.1743,-97.1436,67.24,92,90,3.0
555,Arlit,NE,2021-05-19 13:35:25,18.7369,7.3853,109.35,5,2,3.4
556,Sananduva,BR,2021-05-19 13:35:25,-27.9497,-51.8067,62.26,45,12,3.15
557,Iskateley,RU,2021-05-19 13:35:25,67.6803,53.1512,74.17,51,95,14.47
558,Yeysk,RU,2021-05-19 13:35:26,46.6989,38.2792,58.75,83,100,21.34
559,Cabadiangan,PH,2021-05-19 13:35:26,9.7531,122.4739,79.03,90,98,6.67
560,Monrovia,LR,2021-05-19 13:32:02,6.3005,-10.7969,76.77,74,68,6.67
561,Yershov,RU,2021-05-19 13:35:26,51.3513,48.2766,88.27,22,10,9.66
562,Mandalay,MM,2021-05-19 13:35:27,21.9747,96.0836,94.03,41,90,4.14
563,Gilbues,BR,2021-05-19 13:35:27,-9.8317,-45.3439,86.07,37,100,7.23
564,Keti Bandar,PK,2021-05-19 13:35:27,24.1447,67.4497,87.6,60,82,15.05
565,Terney,RU,2021-05-19 13:35:28,45.0503,136.6092,51.91,80,0,3.83
566,Kota Kinabalu,MY,2021-05-19 13:35:28,5.9749,116.0724,76.98,94,40,5.75
567,Yingcheng,CN,2021-05-19 13:35:28,30.95,113.55,66.25,86,100,6.6
568,Shangzhi,CN,2021-05-19 13:35:29,45.2167,127.9667,63.5,62,2,6.93
569,Aklavik,CA,2021-05-19 13:35:29,68.2191,-135.0107,41.83,80,75,5.75
570,Anloga,GH,2021-05-19 13:35:29,5.7947,0.8973,91.62,72,8,15.93
571,Bouna,CI,2021-05-19 13:35:29,9.2667,-3.0,104.45,22,6,5.21
